price,crime_rate,resid_area,air_qual,room_num,age,teachers,poor_prop,n_hos_beds,n_hot_rooms,rainfall,avg_dist,airport_YES,waterbody_Lake,waterbody_Lake and River,waterbody_River
24.0,0.00632,32.31,0.538,6.575,65.2,24.7,4.98,5.48,11.192,23,4.0875,1,0,0,1
21.6,0.02731,37.07,0.469,6.421,78.9,22.2,9.14,7.332,12.1728,42,4.9675,0,1,0,0
34.7,0.02729,37.07,0.469,7.185,61.1,22.2,4.03,7.394,46.19856,38,4.9675,0,0,0,0
33.4,0.03237,32.18,0.458,6.998,45.8,21.3,2.94,9.268,11.2672,45,6.065,1,1,0,0
36.2,0.06905,32.18,0.458,7.147,54.2,21.3,5.33,8.824,11.2896,55,6.0625,0,1,0,0
28.7,0.02985,32.18,0.458,6.43,58.7,21.3,5.21,7.174,14.2296,53,6.0600000000000005,1,0,0,0
22.9,0.08829,37.87,0.524,6.012,66.6,24.8,12.43,6.958,12.1832,41,5.56,1,0,0,1
22.1,0.14455,37.87,0.524,6.172,96.1,24.8,19.15,5.842,12.1768,56,5.95,0,1,0,0
16.5,0.21124,37.87,0.524,5.631,100.0,24.8,29.93,5.93,12.132,55,6.0825,1,0,0,0
18.9,0.17004,37.87,0.524,6.004,85.9,24.8,17.1,9.478,14.1512,45,6.59,1,0,0,1
15.0,0.22489,37.87,0.524,6.377,94.3,24.8,20.45,6.0,11.12,29,6.3475,0,1,0,0
18.9,0.11747,37.87,0.524,6.009,82.9,24.8,13.27,9.278,13.1512,23,6.2250000000000005,0,0,1,0
21.7,0.09378,37.87,0.524,5.889,39.0,24.8,15.71,5.534,10.1736,57,5.452499999999999,1,0,1,0
20.4,0.62976,38.14,0.538,5.949,61.8,19.0,8.26,5.908,14.1632,39,4.7075,1,0,0,0
18.2,0.63796,38.14,0.538,6.096,84.5,19.0,10.26,6.964,13.1456,49,4.465,0,0,0,0
19.9,0.62739,38.14,0.538,5.834,56.5,19.0,8.47,8.498,14.1592,28,4.4975,1,0,0,1
23.1,1.05393,38.14,0.538,5.935,29.3,19.0,6.58,5.462,10.1848,46,4.5,0,0,0,0
17.5,0.7842,38.14,0.538,5.99,81.7,19.0,14.67,5.45,11.14,56,4.26,0,1,0,0
20.2,0.80271,38.14,0.538,5.456,36.6,19.0,11.69,8.504,12.1616,41,3.795,1,0,1,0
18.2,0.7258,38.14,0.538,5.727,69.5,19.0,11.28,8.564,12.1456,27,3.8,0,0,1,0
13.6,1.25179,38.14,0.538,5.57,98.1,19.0,21.02,8.272,15.1088,44,3.7975,1,0,1,0
19.6,0.85204,38.14,0.538,5.965,89.2,19.0,13.83,9.192,14.1568,23,4.0125,1,0,0,0
15.2,1.23247,38.14,0.538,6.142,91.7,19.0,18.72,5.804,14.1216,48,3.9799999999999995,1,0,0,1
14.5,0.98843,38.14,0.538,5.813,100.0,19.0,19.88,7.49,13.116,29,4.095000000000001,1,1,0,0
15.6,0.75026,38.14,0.538,5.924,94.1,19.0,16.3,8.212,13.1248,27,4.4,1,1,0,0
13.9,0.84054,38.14,0.538,5.599,85.7,19.0,16.51,9.378,13.1112,35,4.455,1,0,0,1
16.6,0.67191,38.14,0.538,5.813,90.3,19.0,14.81,9.732,12.1328,59,4.682500000000001,0,1,0,0
14.8,0.95577,38.14,0.538,6.047,88.8,19.0,17.28,8.696,13.1184,20,4.4525,1,1,0,0
18.4,0.77299,38.14,0.538,6.495,94.4,19.0,12.8,5.968,15.1472,35,4.455,1,0,0,1
21.0,1.00245,38.14,0.538,6.674,87.3,19.0,11.98,9.02,12.168,50,4.24,0,0,0,1
12.7,1.13081,38.14,0.538,5.713,94.1,19.0,22.6,9.854,12.1016,34,4.2325,0,1,0,0
14.5,1.35472,38.14,0.538,6.072,100.0,19.0,13.04,9.29,12.116,23,4.175,1,0,0,0
13.2,1.38799,38.14,0.538,5.95,82.0,19.0,27.71,8.764,14.1056,25,3.9924999999999997,0,0,0,1
13.1,1.15172,38.14,0.538,5.701,95.0,19.0,18.35,8.362,15.1048,25,3.7875,1,0,0,0
13.5,1.61282,38.14,0.538,6.096,96.9,19.0,20.34,9.67,11.108,40,3.7600000000000002,1,0,0,0
18.9,0.06417,35.96,0.499,5.933,68.2,20.8,9.68,9.478,11.1512,43,3.36,1,0,0,1
20.0,0.09744,35.96,0.499,5.841,61.4,20.8,11.41,7.5,15.16,39,3.3775,0,0,0,0
21.0,0.08014,35.96,0.499,5.85,41.5,20.8,8.77,8.12,10.168,21,3.9350000000000005,1,0,0,1
24.2,0.17505,35.96,0.499,5.966,30.2,20.8,10.13,8.184,10.1936,21,3.8475,1,0,0,1
30.8,0.02763,32.95,0.428,6.595,21.8,21.7,4.32,6.916,12.2464,49,5.4,1,0,0,1
34.9,0.03359,32.95,0.428,7.024,15.8,21.7,1.98,6.198,15.2792,20,5.4025,1,0,0,1
26.6,0.12744,36.91,0.448,6.77,2.9,22.1,4.84,7.732,13.2128,30,5.7225,0,0,1,0
25.3,0.1415,36.91,0.448,6.169,6.6,22.1,5.81,8.106,15.2024,52,5.7225,0,0,0,1
24.7,0.15936,36.91,0.448,6.211,6.5,22.1,7.44,6.094,15.1976,56,5.72,1,0,0,1
21.2,0.12269,36.91,0.448,6.069,40.0,22.1,9.55,9.024,12.1696,53,5.7225,0,0,0,1
19.3,0.17142,36.91,0.448,5.682,33.8,22.1,10.21,8.086,11.1544,21,5.1025,0,0,0,1
20.0,0.18836,36.91,0.448,5.786,33.3,22.1,14.15,9.3,12.16,39,5.1,1,1,0,0
16.6,0.22927,36.91,0.448,6.03,85.5,22.1,18.8,5.332,12.1328,44,5.6899999999999995,1,0,0,1
14.4,0.25387,36.91,0.448,5.399,95.3,22.1,30.81,7.088,14.1152,34,5.87,0,0,0,0
19.4,0.21977,36.91,0.448,5.602,62.0,22.1,16.2,5.988,13.1552,45,6.0875,0,0,1,0
19.7,0.08873,35.64,0.439,5.963,45.7,23.2,13.45,7.899767068273099,11.1576,21,6.8149999999999995,1,0,0,1
20.5,0.04337,35.64,0.439,6.115,63.0,23.2,9.43,7.01,11.164,30,6.8175,1,1,0,0
25.0,0.0536,35.64,0.439,6.511,21.1,23.2,5.28,9.9,14.2,56,6.8175,0,0,0,1
23.4,0.04981,35.64,0.439,5.998,21.4,23.2,8.43,9.168,11.1872,41,6.815,0,0,0,1
18.9,0.0136,34.0,0.41,5.888,47.6,18.9,14.8,8.678,15.1512,55,7.3175,1,0,0,0
35.4,0.01311,31.22,0.403,7.249,21.9,22.1,4.81,7.508,13.2832,50,8.6975,1,0,0,1
24.7,0.02055,30.74,0.41,6.383,35.7,22.7,5.77,5.794,15.1976,22,9.1875,1,1,0,0
31.6,0.01432,31.32,0.411,6.816,40.5,24.9,3.95,7.432,15.2528,45,8.325,1,1,0,0
23.3,0.15445,35.13,0.453,6.145,29.2,20.3,6.86,7.866,14.1864,22,7.815,0,0,0,0
19.6,0.10328,35.13,0.453,5.927,47.2,20.3,9.22,6.192,14.1568,20,6.93,1,0,0,0
18.7,0.14932,35.13,0.453,5.741,66.2,20.3,13.15,7.974,11.1496,30,7.225,0,0,0,1
16.0,0.17171,35.13,0.453,5.966,93.4,20.3,14.44,6.22,15.128,48,6.82,0,0,0,1
22.2,0.11027,35.13,0.453,6.456,67.8,20.3,6.73,5.844,10.1776,56,7.225,1,0,0,0
25.0,0.1265,35.13,0.453,6.762,43.4,20.3,9.5,5.9,13.2,28,7.982500000000001,1,0,1,0
33.0,0.01951,31.38,0.4161,7.104,59.5,21.4,8.05,8.26,10.264,30,9.2225,1,0,1,0
23.5,0.03584,33.37,0.398,6.29,17.8,23.9,4.67,9.47,12.188,20,6.6125,0,0,0,1
19.4,0.04379,33.37,0.398,5.787,31.1,23.9,10.24,8.988,11.1552,44,6.61,0,0,1,0
22.0,0.05789,36.07,0.409,5.878,21.4,21.1,8.1,7.14,13.176,29,6.4975,1,0,0,1
17.4,0.13554,36.07,0.409,5.594,36.8,21.1,13.09,8.848,15.1392,40,6.4975,0,0,0,1
20.9,0.12816,36.07,0.409,5.885,33.0,21.1,8.79,8.318,11.1672,56,6.5,0,1,0,0
24.2,0.08826,40.81,0.413,6.417,6.6,20.8,6.72,9.784,14.1936,38,5.285,1,0,0,1
21.7,0.15876,40.81,0.413,5.961,17.5,20.8,9.88,10.034,13.1736,46,5.2875000000000005,0,0,1,0
22.8,0.09164,40.81,0.413,6.065,7.8,20.8,5.52,5.856,10.1824,20,5.2875000000000005,0,0,0,1
23.4,0.19539,40.81,0.413,6.245,6.2,20.8,7.54,5.968,12.1872,45,5.2875,1,1,0,0
24.1,0.07896,42.83,0.437,6.273,6.0,21.3,6.78,7.882,10.1928,40,4.2525,0,0,0,1
21.4,0.09512,42.83,0.437,6.286,45.0,21.3,8.94,6.028,10.1712,28,4.505,0,0,0,0
20.0,0.10153,42.83,0.437,6.279,74.5,21.3,11.97,7.3,12.16,22,4.0525,0,0,0,0
20.8,0.08707,42.83,0.437,6.14,45.8,21.3,10.27,5.916,11.1664,57,4.09,1,0,0,1
21.2,0.05646,42.83,0.437,6.232,53.7,21.3,12.34,8.824,15.1696,53,5.015,1,1,0,0
20.3,0.08387,42.83,0.437,5.874,36.6,21.3,9.1,6.406,15.1624,37,4.5025,0,0,1,0
28.0,0.04113,34.86,0.426,6.727,33.5,21.0,5.29,6.46,14.224,54,5.4,1,1,0,0
23.9,0.04462,34.86,0.426,6.619,70.4,21.0,7.22,5.578,12.1912,49,5.4025,1,1,0,0
24.8,0.03659,34.86,0.426,6.302,32.2,21.0,6.72,6.096,10.1984,20,5.4025,0,0,0,1
22.9,0.03551,34.86,0.426,6.167,46.7,21.0,7.51,7.558,10.1832,34,5.3999999999999995,1,1,0,0
23.9,0.05059,34.49,0.449,6.389,48.0,21.5,9.62,6.678,14.1912,23,4.78,0,1,0,0
26.6,0.05735,34.49,0.449,6.63,56.1,21.5,6.53,9.732,12.2128,56,4.44,0,0,0,1
22.5,0.05188,34.49,0.449,6.015,45.1,21.5,12.86,5.95,11.18,50,4.4275,1,0,0,1
22.2,0.07151,34.49,0.449,6.121,56.8,21.5,8.44,7.244,12.1776,43,3.7475,1,0,0,0
23.6,0.0566,33.41,0.489,7.007,86.3,22.2,5.5,6.972,10.1888,28,3.42,0,0,0,1
28.7,0.05302,33.41,0.489,7.079,63.1,22.2,5.7,7.574,15.2296,31,3.415,1,0,0,0
22.6,0.04684,33.41,0.489,6.417,66.1,22.2,8.81,7.352,15.1808,58,3.0925000000000002,1,1,0,0
22.0,0.03932,33.41,0.489,6.405,73.9,22.2,8.2,8.24,13.176,23,3.0925,0,0,0,1
22.9,0.04203,45.04,0.464,6.442,53.6,21.8,8.16,9.158,14.1832,60,3.665,0,1,0,0
25.0,0.02875,45.04,0.464,6.211,28.9,21.8,6.21,10.3,14.2,46,3.6675,0,0,1,0
20.6,0.04294,45.04,0.464,6.249,77.3,21.8,10.59,5.712,13.1648,54,3.615,0,0,1,0
28.4,0.12204,32.89,0.445,6.625,57.8,22.0,6.65,9.968,14.2272,46,3.4949999999999997,0,0,0,1
21.4,0.11504,32.89,0.445,6.163,69.6,22.0,11.34,10.228,12.1712,21,3.4949999999999997,0,0,0,1
38.7,0.12083,32.89,0.445,8.069,76.0,22.0,4.21,6.274,12.3096,53,3.495,1,0,0,1
43.8,0.08187,32.89,0.445,7.82,36.9,22.0,3.57,10.876,10.3504,25,3.4975,1,0,1,0
33.2,0.0686,32.89,0.445,7.416,62.5,22.0,6.19,6.564,13.2656,31,3.4974999999999996,0,0,0,1
27.5,0.14866,38.56,0.52,6.727,79.9,19.1,9.42,9.65,15.22,24,2.7775,1,1,0,0
26.5,0.11432,38.56,0.52,6.781,71.3,19.1,7.67,7.23,10.212,58,2.8575000000000004,1,0,0,1
18.6,0.22876,38.56,0.52,6.405,85.4,19.1,10.63,6.772,13.1488,57,2.715,0,0,1,0
19.3,0.21161,38.56,0.52,6.137,87.4,19.1,13.44,6.886,14.1544,36,2.7125,1,0,0,0
20.1,0.1396,38.56,0.52,6.167,90.0,19.1,12.33,7.102,10.1608,20,2.4225000000000003,1,0,0,0
19.5,0.13262,38.56,0.52,5.851,96.7,19.1,16.47,7.89,13.156,57,2.105,1,0,0,0
19.5,0.1712,38.56,0.52,5.836,91.9,19.1,18.66,10.29,14.156,20,2.21,1,1,0,0
20.4,0.13117,38.56,0.52,6.127,85.2,19.1,14.09,6.008,14.1632,57,2.1225,1,0,1,0
19.8,0.12802,38.56,0.52,6.474,97.1,19.1,12.27,8.596,10.1584,48,2.435,0,0,1,0
19.4,0.26363,38.56,0.52,6.229,91.2,19.1,15.55,9.788,14.1552,41,2.545,1,0,0,0
21.7,0.10793,38.56,0.52,6.195,54.4,19.1,13.0,6.934,10.1736,37,2.7775000000000003,1,0,0,0
22.8,0.10084,40.01,0.547,6.715,81.6,22.2,10.16,5.656,13.1824,34,2.675,1,0,0,1
18.8,0.12329,40.01,0.547,5.913,92.9,22.2,16.21,7.899767068273099,15.1504,35,2.3525,1,0,0,1
18.7,0.22212,40.01,0.547,6.092,95.4,22.2,17.09,10.074,10.1496,59,2.5475,1,0,0,1
18.5,0.14231,40.01,0.547,6.254,84.2,22.2,10.45,6.67,12.148,39,2.255,0,0,1,0
18.3,0.17134,40.01,0.547,5.928,88.2,22.2,15.76,7.566,11.1464,24,2.4625000000000004,0,0,0,0
21.2,0.13158,40.01,0.547,6.176,72.5,22.2,12.04,6.524,13.1696,23,2.73,0,0,0,0
19.2,0.15098,40.01,0.547,6.021,82.6,22.2,10.3,9.484,15.1536,28,2.7475,0,0,1,0
20.4,0.13058,40.01,0.547,5.872,73.1,22.2,15.37,8.008,14.1632,40,2.4775,1,0,0,1
19.3,0.14476,40.01,0.547,5.731,65.2,22.2,13.61,10.186,11.1544,20,2.7575000000000003,1,0,0,1
22.0,0.06899,55.65,0.581,5.87,69.7,20.9,14.37,7.84,10.176,23,2.2575,1,0,0,1
20.3,0.07165,55.65,0.581,6.004,84.1,20.9,14.27,9.706,10.1624,39,2.1975000000000002,1,0,1,0
20.5,0.09299,55.65,0.581,5.961,92.9,20.9,17.93,8.91,10.164,51,2.09,1,0,0,0
17.3,0.15038,55.65,0.581,5.856,97.0,20.9,25.41,9.146,10.1384,51,1.9449999999999998,1,1,0,0
18.8,0.09849,55.65,0.581,5.879,95.8,20.9,17.58,6.276,13.1504,56,2.0075000000000003,0,0,0,1
21.4,0.16902,55.65,0.581,5.986,88.4,20.9,14.81,8.128,14.1712,22,1.9899999999999998,1,1,0,0
15.7,0.38735,55.65,0.581,5.613,95.6,20.9,27.26,7.714,10.1256,42,1.755,0,1,0,0
16.2,0.25915,51.89,0.624,5.693,96.0,18.8,17.19,5.924,15.1296,31,1.7875,1,0,0,0
18.0,0.32543,51.89,0.624,6.431,98.8,18.8,15.39,8.16,14.144,41,1.815,0,0,0,0
14.3,0.88125,51.89,0.624,5.637,94.7,18.8,18.34,7.886,10.1144,30,1.9825,1,1,0,0
19.2,0.34006,51.89,0.624,6.458,98.9,18.8,12.6,8.984,13.1536,25,2.1175,1,0,0,0
19.6,1.19294,51.89,0.624,6.326,97.7,18.8,12.26,7.592,12.1568,29,2.27,1,0,0,0
23.0,0.59005,51.89,0.624,6.372,97.9,18.8,11.12,8.96,12.184,57,2.3275,1,0,1,0
18.4,0.32982,51.89,0.624,5.822,95.4,18.8,15.03,10.268,10.1472,58,2.4725,1,0,1,0
15.6,0.97617,51.89,0.624,5.757,98.4,18.8,17.31,9.012,11.1248,32,2.3475,0,0,1,0
18.1,0.55778,51.89,0.624,6.335,98.2,18.8,16.96,7.862,11.1448,37,2.11,1,0,0,1
17.4,0.32264,51.89,0.624,5.942,93.5,18.8,16.9,10.148,10.1392,37,1.9674999999999998,0,0,0,1
17.1,0.35233,51.89,0.624,6.454,98.4,18.8,14.59,6.942,11.1368,40,1.8499999999999999,1,0,0,0
13.3,0.2498,51.89,0.624,5.857,98.2,18.8,21.32,8.066,14.1064,39,1.6675,0,0,0,1
17.8,0.54452,51.89,0.624,6.151,97.9,18.8,18.46,8.656,10.1424,29,1.6675,1,1,0,0
14.0,0.2909,51.89,0.624,6.174,93.6,18.8,24.16,5.68,10.112,28,1.6125,0,1,0,0
14.4,1.62864,51.89,0.624,5.019,100.0,18.8,34.41,9.988,12.1152,43,1.44,1,0,0,0
13.4,3.32105,49.58,0.871,5.403,100.0,25.3,26.82,5.268,13.1072,42,1.3224999999999998,1,0,0,1
15.6,4.0974,49.58,0.871,5.468,100.0,25.3,26.42,7.312,13.1248,25,1.4125,1,0,0,0
11.8,2.77974,49.58,0.871,4.903,97.8,25.3,29.29,6.636,13.0944,52,1.3450000000000002,1,0,0,1
13.8,2.37934,49.58,0.871,6.13,100.0,25.3,27.8,7.776,10.1104,59,1.42,1,0,0,1
15.6,2.15505,49.58,0.871,5.628,100.0,25.3,16.65,5.612,10.1248,32,1.5150000000000001,1,0,0,1
14.6,2.36862,49.58,0.871,4.926,95.7,25.3,29.53,6.892,11.1168,24,1.46,0,0,0,0
17.8,2.33099,49.58,0.871,5.186,93.8,25.3,28.32,9.856,14.1424,43,1.5325,0,1,0,0
15.4,2.73397,49.58,0.871,5.597,94.9,25.3,21.45,10.108,15.1232,48,1.5225,0,0,0,0
21.5,1.6566,49.58,0.871,6.122,97.3,25.3,14.1,5.53,12.172,34,1.6175,0,0,0,1
19.6,1.49632,49.58,0.871,5.404,100.0,25.3,13.28,6.492,11.1568,42,1.5899999999999999,0,0,0,1
15.3,1.12658,49.58,0.871,5.012,88.0,25.3,12.12,5.406,10.1224,46,1.6099999999999999,1,0,0,0
19.4,2.14918,49.58,0.871,5.709,98.5,25.3,15.79,6.088,12.1552,58,1.6225,0,0,0,0
17.0,1.41385,49.58,0.871,6.129,96.0,25.3,15.12,7.44,15.136,48,1.7475,0,0,1,0
15.6,3.53501,49.58,0.871,6.152,82.6,25.3,15.02,9.912,11.1248,37,1.7475,0,0,0,1
13.1,2.44668,49.58,0.871,5.272,94.0,25.3,16.14,6.362,10.1048,60,1.735,0,0,0,1
41.3,1.22358,49.58,0.605,6.943,97.4,25.3,4.59,8.226,13.3304,57,1.8775,1,0,0,0
24.3,1.34284,49.58,0.605,6.066,100.0,25.3,6.43,8.886,13.1944,46,1.7575,0,0,0,1
23.3,1.42502,49.58,0.871,6.51,100.0,25.3,7.39,7.166,12.1864,36,1.7675,1,1,0,0
27.0,1.27346,49.58,0.605,6.25,92.6,25.3,5.5,8.44,12.216,23,1.7999999999999998,1,1,0,0
50.0,1.46336,49.58,0.605,7.489,90.8,25.3,1.73,10.5,11.4,35,1.9699999999999998,1,0,0,0
50.0,1.83377,49.58,0.605,7.802,98.2,25.3,1.92,8.4,12.4,22,2.0424999999999995,1,1,0,0
50.0,1.51902,49.58,0.605,8.375,93.9,25.3,3.32,8.0,12.4,57,2.1624999999999996,1,0,0,1
22.7,2.24236,49.58,0.605,5.854,91.8,25.3,11.64,8.354,15.1816,56,2.4225,1,1,0,0
25.0,2.924,49.58,0.605,6.101,93.0,25.3,9.81,10.0,12.2,22,2.2825,1,0,0,1
50.0,2.01019,49.58,0.605,7.929,96.2,25.3,3.7,8.3,15.4,37,2.0475,1,0,0,1
23.8,1.80028,49.58,0.605,5.877,79.2,25.3,12.14,10.076,10.1904,22,2.4250000000000003,1,1,0,0
23.8,2.3004,49.58,0.605,6.319,96.1,25.3,11.1,6.676,11.1904,23,2.1,0,0,0,0
22.3,2.44953,49.58,0.605,6.402,95.2,25.3,11.32,5.546,15.1784,22,2.2625,0,0,1,0
17.4,1.20742,49.58,0.605,5.875,94.6,25.3,14.43,7.948,11.1392,28,2.425,0,1,0,0
19.1,2.3139,49.58,0.605,5.88,97.3,25.3,12.03,9.782,12.1528,54,2.39,0,0,0,1
23.1,0.13914,34.05,0.51,5.572,88.5,23.4,14.69,9.362,12.1848,38,2.5975,0,0,0,1
23.6,0.09178,34.05,0.51,6.416,84.1,23.4,9.04,9.872,10.1888,59,2.6475,1,0,0,0
22.6,0.08447,34.05,0.51,5.859,68.7,23.4,9.64,9.752,15.1808,35,2.7025,1,0,0,1
29.4,0.06664,34.05,0.51,6.546,33.1,23.4,5.33,6.188,12.2352,48,3.13,1,0,0,0
23.2,0.07022,34.05,0.51,6.02,47.2,23.4,10.11,8.564,15.1856,49,3.5549999999999997,1,1,0,0
24.6,0.05425,34.05,0.51,6.315,73.4,23.4,6.29,7.092,14.1968,31,3.32,1,1,0,0
29.9,0.06642,34.05,0.51,6.86,74.4,23.4,6.92,5.898,11.2392,28,2.9124999999999996,0,0,0,0
37.2,0.0578,32.46,0.488,6.98,58.4,22.2,5.04,9.744,11.2976,50,2.83,0,1,0,0
39.8,0.06588,32.46,0.488,7.765,83.3,22.2,7.56,8.496,14.3184,60,2.74,1,0,1,0
36.2,0.06888,32.46,0.488,6.144,62.2,22.2,9.45,6.624,15.2896,59,2.5975,1,0,0,1
37.9,0.09103,32.46,0.488,7.155,92.2,22.2,4.82,9.258,15.3032,56,2.6975,1,0,0,1
32.5,0.10008,32.46,0.488,6.563,95.6,22.2,5.68,7.35,14.26,60,2.845,1,1,0,0
26.4,0.08308,32.46,0.488,5.604,89.8,22.2,13.98,9.928,10.2112,27,2.99,1,1,0,0
29.6,0.06047,32.46,0.488,6.153,68.8,22.2,13.15,8.192,11.2368,45,3.2800000000000002,1,1,0,0
50.0,0.05602,32.46,0.488,7.831,53.6,22.2,4.45,6.0,13.4,35,3.2,1,1,0,0
32.0,0.07875,33.44,0.437,6.782,41.1,24.8,6.68,7.84,13.256,23,3.7874999999999996,1,0,0,1
29.8,0.12579,33.44,0.437,6.556,29.1,24.8,4.56,7.596,10.2384,40,4.5675,1,0,0,1
34.9,0.0837,33.44,0.437,7.185,38.9,24.8,5.39,9.298,14.2792,20,4.5675,0,0,0,1
33.0,0.09068,33.44,0.437,6.951,21.5,24.8,5.1,6.16,11.264,55,6.4799999999999995,0,0,0,0
30.5,0.06911,33.44,0.437,6.739,30.8,24.8,4.69,8.81,11.244,40,6.4799999999999995,0,0,0,0
36.4,0.08664,33.44,0.437,7.178,26.3,24.8,2.87,10.528,11.2912,40,6.4775,1,1,0,0
31.1,0.02187,32.93,0.401,6.8,9.9,24.4,5.03,6.822,13.2488,24,6.22,0,0,0,1
29.1,0.01439,32.93,0.401,6.604,18.8,24.4,4.38,9.282,14.2328,59,6.22,0,0,0,1
50.0,0.01381,30.46,0.422,7.875,32.0,25.6,2.97,8.2,14.4,26,5.65,1,0,0,1
33.3,0.04011,31.52,0.404,7.287,34.1,27.4,4.08,7.266,15.2664,20,7.31,1,0,1,0
30.3,0.04666,31.52,0.404,7.107,36.6,27.4,8.61,6.906,14.2424,24,7.3100000000000005,1,0,1,0
34.6,0.03768,31.52,0.404,7.274,38.3,27.4,6.62,10.192,14.2768,43,7.3100000000000005,0,1,0,0
34.9,0.0315,31.47,0.403,6.975,15.3,23.0,4.56,7.998,13.2792,24,7.6525,1,0,0,0
32.9,0.01778,31.47,0.403,7.135,13.9,23.0,4.45,5.958,10.2632,22,7.6525,0,1,0,0
24.1,0.03445,32.03,0.415,6.162,38.4,25.3,7.43,7.782,12.1928,32,6.2725,1,0,0,1
42.3,0.02177,32.03,0.415,7.61,15.7,25.3,3.11,10.546,14.3384,30,6.2675,0,0,1,0
48.5,0.0351,32.68,0.4161,7.853,33.2,25.3,3.81,8.77,11.388,22,5.1175,0,0,0,0
50.0,0.02009,32.68,0.4161,8.034,31.9,25.3,2.88,8.9,15.4,51,5.120000000000001,1,0,0,1
22.6,0.13642,40.59,0.489,5.891,22.3,21.4,10.87,7.952,15.1808,26,3.9475000000000002,1,0,0,1
24.4,0.22969,40.59,0.489,6.326,52.5,21.4,10.97,6.688,11.1952,52,4.3575,1,0,0,1
22.5,0.25199,40.59,0.489,5.783,72.7,21.4,18.06,7.95,10.18,38,4.3525,1,0,0,0
24.4,0.13587,40.59,0.489,6.064,59.1,21.4,14.66,6.888,14.1952,31,4.24,1,0,0,0
20.0,0.43571,40.59,0.489,5.344,100.0,21.4,23.09,7.9,13.16,60,3.875,0,0,0,0
21.7,0.17446,40.59,0.489,5.96,92.1,21.4,17.27,8.034,12.1736,36,3.875,1,0,0,0
19.3,0.37578,40.59,0.489,5.404,88.6,21.4,23.98,5.986,14.1544,39,3.665,0,0,0,1
22.4,0.21719,40.59,0.489,5.807,53.8,21.4,16.03,6.848,13.1792,20,3.6525,1,0,0,1
28.1,0.14052,40.59,0.489,6.375,32.3,21.4,9.38,7.562,10.2248,6,3.9450000000000003,1,0,0,0
23.7,0.28955,40.59,0.489,5.412,9.8,21.4,29.55,5.674,11.1896,21,3.59,1,0,0,0
25.0,0.19802,40.59,0.489,6.182,42.4,21.4,9.47,7.899767068273099,12.2,30,3.9475000000000007,1,1,0,0
23.3,0.0456,43.89,0.55,5.888,56.0,23.6,13.51,5.466,12.1864,22,3.1125,1,0,1,0
28.7,0.07013,43.89,0.55,6.642,85.1,23.6,9.69,9.274,14.2296,23,3.42,0,0,0,0
21.5,0.11069,43.89,0.55,5.951,93.8,23.6,17.92,8.73,14.172,49,2.8899999999999997,1,0,0,0
23.0,0.11425,43.89,0.55,6.373,92.4,23.6,10.5,6.16,13.184,21,3.3649999999999998,1,0,0,0
26.7,0.35809,36.2,0.507,6.951,88.5,22.6,9.71,8.734,11.2136,23,2.86,0,0,0,1
21.7,0.40771,36.2,0.507,6.164,91.3,22.6,21.46,5.734,14.1736,37,3.0475,1,0,0,0
27.5,0.62356,36.2,0.507,6.879,77.7,22.6,9.93,9.45,12.22,50,3.2725,1,0,1,0
30.1,0.6147,36.2,0.507,6.618,80.8,22.6,7.6,9.702,12.2408,39,3.27,1,0,0,1
44.8,0.31533,36.2,0.504,8.266,78.3,22.6,4.14,6.796,12.3584,47,2.895,1,1,0,0
50.0,0.52693,36.2,0.504,8.725,83.0,22.6,4.63,7.5,13.4,20,2.8925,1,0,0,1
37.6,0.38214,36.2,0.504,8.04,86.5,22.6,3.13,5.952,10.3008,54,3.215,1,0,1,0
31.6,0.41238,36.2,0.504,7.163,79.9,22.6,6.36,6.332,10.2528,34,3.2175,0,0,0,1
46.7,0.29819,36.2,0.504,7.686,17.0,22.6,3.92,10.134,14.3736,43,3.3774999999999995,1,1,0,0
31.5,0.44178,36.2,0.504,6.552,21.4,22.6,3.76,7.33,15.252,47,3.3725,1,0,0,0
24.3,0.537,36.2,0.504,5.981,68.1,22.6,11.65,8.286,10.1944,59,3.6750000000000003,0,0,0,0
31.7,0.46296,36.2,0.504,7.412,76.9,22.6,5.25,6.734,10.2536,26,3.6725,1,0,0,0
41.7,0.57529,36.2,0.507,8.337,73.3,22.6,2.47,6.634,11.3336,28,3.84,1,0,0,1
48.3,0.33147,36.2,0.507,8.247,70.4,22.6,3.95,9.066,11.3864,23,3.6500000000000004,1,0,0,0
29.0,0.44791,36.2,0.507,6.726,66.5,22.6,8.05,9.88,13.232,32,3.6525,1,0,0,1
24.0,0.33045,36.2,0.507,6.086,61.5,22.6,10.88,9.18,14.192,57,3.6500000000000004,1,0,0,0
25.1,0.52058,36.2,0.507,6.631,76.5,22.6,9.54,9.402,15.2008,36,4.1475,1,0,1,0
31.5,0.51183,36.2,0.507,7.358,71.6,22.6,4.73,10.53,12.252,34,4.1475,1,0,0,1
23.7,0.08244,34.93,0.428,6.481,18.5,23.4,6.36,7.374,12.1896,48,6.1899999999999995,1,0,1,0
23.3,0.09252,34.93,0.428,6.606,42.2,23.4,7.37,5.566,15.1864,51,6.1899999999999995,0,0,1,0
27.0,0.11329,34.93,0.428,6.897,54.3,23.4,11.38,10.24,11.216,24,6.335000000000001,1,0,0,0
20.1,0.10612,34.93,0.428,6.095,65.1,23.4,12.4,8.302,13.1608,41,6.335,0,0,0,0
22.2,0.1029,34.93,0.428,6.358,52.9,23.4,11.22,6.044,10.1776,42,7.035,1,0,0,1
23.7,0.12757,34.93,0.428,6.393,7.8,23.4,5.19,7.374,15.1896,26,7.0375,1,0,0,1
17.6,0.20608,35.86,0.431,5.593,76.5,20.9,12.5,6.252,12.1408,42,7.955,0,0,0,0
18.5,0.19133,35.86,0.431,5.605,70.2,20.9,18.46,9.27,10.148,59,7.955,1,0,0,0
24.3,0.33983,35.86,0.431,6.108,34.9,20.9,9.16,7.086,11.1944,25,8.055,1,0,0,0
20.5,0.19657,35.86,0.431,6.226,79.2,20.9,10.15,9.81,12.164,31,8.055,0,0,0,1
24.5,0.16439,35.86,0.431,6.433,49.1,20.9,9.52,8.39,15.196,43,7.8275,1,0,0,1
26.2,0.19073,35.86,0.431,6.718,17.5,20.9,6.56,9.324,11.2096,39,7.824999999999999,1,0,0,0
24.4,0.1403,35.86,0.431,6.487,13.0,20.9,5.9,6.188,14.1952,38,7.3975,1,0,0,1
24.8,0.21409,35.86,0.431,6.438,8.9,20.9,3.59,10.296,12.1984,50,7.3975,0,1,0,0
29.6,0.08221,35.86,0.431,6.957,6.8,20.9,3.53,8.992,12.2368,57,8.905000000000001,0,0,1,0
42.8,0.36894,35.86,0.431,8.259,8.4,20.9,3.54,10.856,13.3424,53,8.9075,0,0,0,1
21.9,0.04819,33.64,0.392,6.108,32.0,23.6,6.57,6.538,12.1752,56,9.217500000000001,0,0,0,1
20.9,0.03548,33.64,0.392,5.876,19.1,23.6,9.25,7.818,15.1672,31,9.22,0,0,0,0
44.0,0.01538,33.75,0.394,7.454,34.2,24.1,3.11,6.68,13.352,38,6.335,0,0,0,1
50.0,0.61154,33.97,0.647,8.704,86.9,27.0,5.12,8.6,11.4,54,1.8025,1,0,0,1
36.0,0.66351,33.97,0.647,7.333,100.0,27.0,7.79,8.02,15.288,58,1.8925000000000003,1,0,0,1
30.1,0.65665,33.97,0.647,6.842,100.0,27.0,6.9,7.302,11.2408,40,2.0125,1,0,0,1
33.8,0.54011,33.97,0.647,7.203,81.8,27.0,9.59,7.899767068273099,11.2704,21,2.1125,1,1,0,0
43.1,0.53412,33.97,0.647,7.52,89.4,27.0,7.26,6.662,11.3448,24,2.1375,1,0,1,0
48.8,0.52014,33.97,0.647,8.398,91.5,27.0,5.91,10.076,15.3904,24,2.2875,1,0,0,1
31.0,0.82526,33.97,0.647,7.327,94.5,27.0,11.25,5.72,11.248,60,2.08,1,0,0,0
36.5,0.55007,33.97,0.647,7.206,91.6,27.0,8.1,8.53,14.292,36,1.93,1,0,0,1
22.8,0.76162,33.97,0.647,5.56,62.8,27.0,10.45,7.456,13.1824,59,1.9850000000000003,0,0,0,0
30.7,0.7857,33.97,0.647,7.014,84.6,27.0,14.79,6.114,10.2456,41,2.1325,0,0,0,1
50.0,0.57834,33.97,0.575,8.297,67.0,27.0,7.44,8.0,15.4,42,2.42,1,0,0,0
43.5,0.5405,33.97,0.575,7.47,52.6,27.0,3.16,9.07,15.348,43,2.87,0,1,0,0
20.7,0.09065,36.96,0.464,5.92,61.5,21.4,13.65,10.414,14.1656,29,3.9175,0,0,1,0
21.1,0.29916,36.96,0.464,5.856,42.1,21.4,13.0,6.222,15.1688,27,4.43,1,0,0,0
25.2,0.16211,36.96,0.464,6.24,16.3,21.4,6.59,6.604,10.2016,25,4.43,0,0,0,1
24.4,0.1146,36.96,0.464,6.538,58.7,21.4,7.73,8.488,13.1952,40,3.9175,1,0,0,1
35.2,0.22188,36.96,0.464,7.691,51.8,21.4,6.58,6.004,10.2816,39,4.3675,1,0,0,1
32.4,0.05644,36.41,0.447,6.758,32.9,22.4,3.53,10.648,12.2592,30,4.08,0,0,0,1
32.0,0.09604,36.41,0.447,6.854,42.8,22.4,2.98,8.84,12.256,23,4.2675,1,0,0,1
33.2,0.10469,36.41,0.447,7.267,49.0,22.4,6.05,8.564,11.2656,35,4.7875,0,1,0,0
33.1,0.06127,36.41,0.447,6.826,27.6,22.4,4.16,6.262,11.2648,21,4.8625,0,0,0,1
29.1,0.07978,36.41,0.447,6.482,32.1,22.4,7.19,6.282,10.2328,38,4.1375,1,0,0,1
35.1,0.21038,33.33,0.4429,6.812,32.2,25.1,4.85,9.602,12.2808,26,4.1,0,1,0,0
45.4,0.03578,33.33,0.4429,7.82,64.5,25.1,3.76,7.108,10.3632,50,4.695,0,0,0,0
35.4,0.03705,33.33,0.4429,6.968,37.2,25.1,4.59,8.508,14.2832,48,5.245,1,0,0,0
46.0,0.06129,33.33,0.4429,7.645,49.7,25.1,3.01,8.72,12.368,25,5.21,1,1,0,0
50.0,0.01501,31.21,0.401,7.923,24.8,26.4,3.16,8.7,13.4,20,5.885,1,1,0,0
32.2,0.00906,32.97,0.4,7.088,20.8,24.7,7.85,7.844,12.2576,30,7.307500000000001,1,0,1,0
22.0,0.01096,32.25,0.389,6.453,31.9,24.7,8.23,10.44,14.176,55,7.3075,1,0,0,0
20.1,0.01965,31.76,0.385,6.23,31.5,21.8,12.93,8.302,10.1608,39,9.0875,1,0,0,0
23.2,0.03871,35.32,0.405,6.209,31.3,23.4,7.14,9.964,14.1856,60,7.32,1,1,0,0
22.3,0.0459,35.32,0.405,6.315,45.6,23.4,7.6,5.846,12.1784,22,7.3175,0,0,0,1
24.8,0.04297,35.32,0.405,6.565,22.9,23.4,9.51,9.096,14.1984,60,7.3175,0,0,0,0
28.5,0.03502,34.95,0.411,6.861,27.9,20.8,3.33,8.07,11.228,53,5.1175,1,0,0,1
37.3,0.07886,34.95,0.411,7.148,27.7,20.8,3.56,8.146,10.2984,37,5.1175,1,0,0,0
27.9,0.03615,34.95,0.411,6.63,23.4,20.8,4.7,8.458,12.2232,37,5.1175,0,0,0,1
23.9,0.08265,43.92,0.437,6.127,18.4,24.0,8.58,7.278,14.1912,46,5.505,1,0,0,1
21.7,0.08199,43.92,0.437,6.009,42.3,24.0,10.4,8.834,11.1736,23,5.5025,0,1,0,0
28.6,0.12932,43.92,0.437,6.678,31.1,24.0,6.27,6.972,10.2288,44,5.96,1,0,0,1
27.1,0.05372,43.92,0.437,6.549,51.0,24.0,7.39,10.442,10.2168,26,5.9624999999999995,0,0,0,0
20.3,0.14103,43.92,0.437,5.79,58.0,24.0,15.84,7.606,11.1624,42,6.32,1,0,0,0
22.5,0.06466,32.24,0.4,6.345,20.1,25.2,4.97,9.45,13.18,48,7.8275,0,1,0,0
29.0,0.05561,32.24,0.4,7.041,10.0,25.2,4.74,7.98,11.232,36,7.829999999999999,1,1,0,0
24.8,0.04417,32.24,0.4,6.871,47.4,25.2,6.07,9.096,11.1984,29,7.827500000000001,1,0,0,1
22.0,0.03537,36.09,0.433,6.59,40.4,23.9,9.5,9.94,12.176,21,5.494999999999999,1,0,0,1
26.4,0.09266,36.09,0.433,6.495,18.4,23.9,8.67,7.928,11.2112,42,5.49,1,0,1,0
33.1,0.1,36.09,0.433,6.982,17.7,23.9,4.86,8.262,14.2648,34,5.4925,0,0,0,0
36.1,0.05515,32.18,0.472,7.236,41.1,21.6,6.93,6.922,10.2888,55,4.0225,0,0,0,1
28.4,0.05479,32.18,0.472,6.616,58.1,21.6,8.93,6.568,15.2272,22,3.37,0,0,0,0
33.4,0.07503,32.18,0.472,7.42,71.9,21.6,6.47,10.668,12.2672,23,3.1,1,0,0,1
28.2,0.04932,32.18,0.472,6.849,70.3,21.6,7.53,10.464,12.2256,46,3.1825,1,0,1,0
22.8,0.49298,39.9,0.544,6.635,82.5,21.6,4.54,7.156,11.1824,31,3.3175,0,0,0,1
20.3,0.3494,39.9,0.544,5.972,76.7,21.6,9.97,10.106,11.1624,51,3.1025,1,0,0,0
16.1,2.63548,39.9,0.544,4.973,37.8,21.6,12.64,7.322,11.1288,27,2.5175,0,0,0,1
22.1,0.79041,39.9,0.544,6.122,52.8,21.6,5.98,8.242,15.1768,46,2.6375,1,0,0,1
19.4,0.26169,39.9,0.544,6.023,90.4,21.6,11.72,6.288,13.1552,26,2.8325,1,0,0,0
21.6,0.26938,39.9,0.544,6.266,82.8,21.6,7.9,8.832,14.1728,33,3.2624999999999997,1,0,0,0
23.8,0.3692,39.9,0.544,6.567,87.3,21.6,9.28,9.576,13.1904,56,3.6050000000000004,1,1,0,0
16.2,0.25356,39.9,0.544,5.705,77.7,21.6,11.5,6.724,12.1296,58,3.945,0,0,0,1
17.8,0.31827,39.9,0.544,5.914,83.2,21.6,18.33,7.256,12.1424,43,3.9975,0,0,0,1
19.8,0.24522,39.9,0.544,5.782,71.7,21.6,15.94,9.796,12.1584,50,4.035,0,0,0,1
23.1,0.40202,39.9,0.544,6.382,67.2,21.6,10.36,5.562,10.1848,53,3.5325,0,0,0,0
21.0,0.47547,39.9,0.544,6.113,58.8,21.6,12.73,10.32,12.168,36,4.0024999999999995,0,0,1,0
23.8,0.1676,37.38,0.493,6.426,52.3,20.4,7.2,6.776,13.1904,48,4.5425,1,0,0,1
23.1,0.18159,37.38,0.493,6.376,54.3,20.4,6.87,7.762,14.1848,40,4.54,1,1,0,0
20.4,0.35114,37.38,0.493,6.041,49.9,20.4,7.7,8.908,13.1632,40,4.7225,0,0,0,0
18.5,0.28392,37.38,0.493,5.708,74.3,20.4,11.74,6.57,15.148,25,4.72,1,0,0,0
25.0,0.34109,37.38,0.493,6.415,40.1,20.4,6.12,8.6,15.2,52,4.72,0,0,0,1
24.6,0.19186,37.38,0.493,6.431,14.7,20.4,5.08,7.992,15.1968,45,5.4175,0,0,0,0
23.0,0.30347,37.38,0.493,6.312,28.9,20.4,6.15,7.06,12.184,36,5.4175,1,0,0,1
22.2,0.24103,37.38,0.493,6.083,43.7,20.4,12.79,9.044,15.1776,27,5.415,0,0,0,0
19.3,0.06617,33.24,0.46,5.868,25.8,23.1,9.97,9.986,10.1544,35,5.217499999999999,1,1,0,0
22.6,0.06724,33.24,0.46,6.333,17.2,23.1,7.34,5.552,14.1808,53,5.215,0,0,0,0
19.8,0.04544,33.24,0.46,6.144,32.2,23.1,9.09,9.396,11.1584,26,5.875,0,0,0,1
17.1,0.05023,36.06,0.4379,5.706,28.4,23.1,12.43,6.742,14.1368,21,6.640000000000001,0,1,0,0
19.4,0.03466,36.06,0.4379,6.031,23.3,23.1,7.83,7.488,14.1552,22,6.640000000000001,1,0,0,0
22.2,0.05083,35.19,0.515,6.316,38.1,19.8,5.68,9.144,11.1776,34,6.4575000000000005,0,0,0,0
20.7,0.03738,35.19,0.515,6.31,38.5,19.8,6.75,7.514,15.1656,53,6.46,1,0,1,0
21.1,0.03961,35.19,0.515,6.037,34.5,19.8,8.01,8.922,14.1688,57,5.985,1,0,0,0
19.5,0.03427,35.19,0.515,5.869,46.3,19.8,9.8,10.09,15.156,53,5.23,0,0,0,1
18.5,0.03041,35.19,0.515,5.895,59.6,19.8,10.56,8.27,12.148,21,5.615,1,0,0,1
20.6,0.03306,35.19,0.515,6.059,37.3,19.8,8.51,8.112,14.1648,26,4.8125,1,0,0,1
19.0,0.05497,35.19,0.515,5.985,45.4,19.8,9.74,6.38,11.152,28,4.8125,0,1,0,0
18.7,0.06151,35.19,0.515,5.968,58.5,19.8,9.29,6.474,13.1496,20,4.8125,1,0,0,0
32.7,0.01301,31.52,0.442,7.241,49.3,24.5,5.49,6.254,13.2616,48,7.0375000000000005,1,0,0,0
16.5,0.02498,31.89,0.518,6.54,59.7,24.1,8.65,7.33,11.132,40,6.267499999999999,1,0,0,1
23.9,0.02543,33.78,0.484,6.696,56.4,22.4,7.18,8.978,15.1912,52,5.732500000000001,1,0,1,0
31.2,0.03049,33.78,0.484,6.874,28.1,22.4,4.61,10.624,11.2496,23,6.465000000000001,0,0,0,1
17.5,0.03113,34.39,0.442,6.014,48.5,21.2,10.53,7.15,13.14,26,8.0125,1,1,0,0
17.2,0.06162,34.39,0.442,5.898,52.3,21.2,12.67,6.044,13.1376,46,8.015,0,0,0,1
23.1,0.0187,34.15,0.429,6.516,27.7,22.1,6.36,8.162,12.1848,47,8.537499999999998,1,1,0,0
24.5,0.01501,32.01,0.435,6.635,29.7,23.0,5.99,6.29,13.196,45,8.3425,1,0,0,0
26.6,0.02899,31.25,0.429,6.939,34.5,20.3,5.89,5.632,11.2128,30,8.795,1,0,0,0
22.9,0.06211,31.25,0.429,6.49,44.4,20.3,5.98,7.258,15.1832,55,8.7925,0,0,0,1
24.1,0.0795,31.69,0.411,6.579,35.9,21.7,5.49,5.582,10.1928,45,10.712499999999999,1,0,0,1
18.6,0.07244,31.69,0.411,5.884,18.5,21.7,7.79,7.372,11.1488,50,10.7125,1,0,0,1
30.1,0.01709,32.02,0.41,6.728,36.1,23.0,4.5,6.102,12.2408,40,12.1275,1,1,0,0
18.2,0.04301,31.91,0.413,5.663,21.9,18.0,8.05,8.764,12.1456,34,10.585,0,0,0,0
20.6,0.10659,31.91,0.413,5.936,19.5,18.0,5.57,9.312,13.1648,53,10.584999999999999,0,0,0,1
17.8,8.98296,48.1,0.77,6.212,97.4,19.8,17.6,5.956,14.1424,39,2.1225,0,0,0,0
21.7,3.8497,48.1,0.77,6.395,91.0,19.8,13.27,7.034,13.1736,56,2.505,0,1,0,0
22.7,5.20177,48.1,0.77,6.127,83.4,19.8,11.48,6.354,15.1816,42,2.7225,0,0,1,0
22.6,4.26131,48.1,0.77,6.112,81.3,19.8,12.67,7.899767068273099,14.1808,26,2.5075000000000003,0,1,0,0
25.0,4.54192,48.1,0.77,6.398,88.0,19.8,7.79,8.8,10.2,37,2.5175,0,0,0,0
19.9,3.83684,48.1,0.77,6.251,91.1,19.8,14.19,8.898,13.1592,56,2.295,1,0,0,1
20.8,3.67822,48.1,0.77,5.362,96.2,19.8,10.19,8.016,14.1664,52,2.105,0,1,0,0
16.8,4.22239,48.1,0.77,5.803,89.0,19.8,14.64,9.736,15.1344,57,1.9049999999999998,1,0,1,0
21.9,3.47428,48.1,0.718,8.78,82.9,19.8,5.29,8.038,12.1752,26,1.9049999999999998,0,0,0,1
27.5,4.55587,48.1,0.718,3.561,87.9,19.8,7.12,8.05,12.22,51,1.6124999999999998,1,0,0,1
21.9,3.69695,48.1,0.718,4.963,91.4,19.8,14.0,10.238,14.1752,58,1.75,0,1,0,0
23.1,13.5222,48.1,0.631,3.863,100.0,19.8,13.33,9.962,11.1848,24,1.5075,0,1,0,0
50.0,4.89822,48.1,0.631,4.97,100.0,19.8,3.26,9.7,13.4,41,1.3325,0,0,0,1
50.0,5.66998,48.1,0.631,6.683,96.8,19.8,3.73,6.7,15.4,58,1.355,1,0,0,1
50.0,6.53876,48.1,0.631,7.016,97.5,19.8,2.96,10.1,12.4,46,1.2,1,0,0,0
50.0,9.2323,48.1,0.631,6.216,100.0,19.8,9.53,9.8,13.4,25,1.1700000000000002,1,0,0,0
50.0,8.26725,48.1,0.668,5.875,89.6,19.8,8.88,10.8,12.4,57,1.1275,1,0,0,0
13.8,11.1081,48.1,0.668,4.906,100.0,19.8,34.77,6.876,13.1104,56,1.175,1,0,0,0
13.8,18.4982,48.1,0.668,4.138,100.0,19.8,37.97,7.076,13.1104,35,1.1375,0,1,0,0
15.0,19.6091,48.1,0.671,7.313,97.9,19.8,13.44,8.9,15.12,45,1.3175,0,0,0,0
13.9,15.288,48.1,0.671,6.649,93.3,19.8,23.24,9.478,15.1112,26,1.345,1,0,0,0
13.3,9.82349,48.1,0.671,6.794,98.8,19.8,21.24,6.066,14.1064,22,1.3575,1,0,0,0
13.1,23.6482,48.1,0.671,6.38,96.2,19.8,23.69,9.262,14.1048,54,1.3850000000000002,1,1,0,0
10.2,17.8667,48.1,0.671,6.223,100.0,19.8,21.78,7.904,11.0816,46,1.3875,0,0,1,0
10.4,88.9762,48.1,0.671,6.968,91.9,19.8,17.21,9.408,14.0832,21,1.4175,1,0,0,0
10.9,15.8744,48.1,0.671,6.545,99.1,19.8,21.08,8.618,10.0872,60,1.5175,0,0,1,0
11.3,9.18702,48.1,0.7,5.536,100.0,19.8,23.6,8.226,11.0904,46,1.5775,1,0,0,1
12.3,7.99248,48.1,0.7,5.52,100.0,19.8,24.56,6.746,15.0984,41,1.535,0,1,0,0
8.8,20.0849,48.1,0.7,4.368,91.2,19.8,30.63,5.676,14.0704,25,1.44,0,0,0,1
7.2,16.8118,48.1,0.7,5.277,98.1,19.8,30.81,10.144,13.0576,36,1.4275000000000002,0,0,1,0
10.5,24.3938,48.1,0.7,4.652,100.0,19.8,28.28,7.71,15.084,34,1.4675,1,0,0,1
7.4,22.5971,48.1,0.7,5.0,89.5,19.8,31.99,8.348,15.0592,54,1.52,0,0,1,0
10.2,14.3337,48.1,0.7,4.88,100.0,19.8,30.62,6.104,10.0816,25,1.59,0,1,0,0
11.5,8.15174,48.1,0.7,5.39,98.9,19.8,20.85,6.03,12.092,51,1.73,0,0,1,0
15.1,6.96215,48.1,0.7,5.713,97.0,19.8,17.11,9.702,11.1208,20,1.9250000000000003,1,0,0,1
23.2,5.29305,48.1,0.7,6.051,82.5,19.8,18.76,9.664,10.1856,53,2.17,1,0,0,1
9.7,11.5779,48.1,0.7,5.036,97.0,19.8,25.68,5.494,14.0776,51,1.77,0,0,0,0
13.8,8.64476,48.1,0.693,6.193,92.6,19.8,15.17,9.076,14.1104,55,1.7925,0,0,0,1
12.7,13.3598,48.1,0.693,5.887,94.7,19.8,16.35,6.754,15.1016,40,1.7825,0,0,0,0
13.1,8.71675,48.1,0.693,6.471,98.8,19.8,17.12,5.762,15.1048,29,1.7249999999999999,0,0,1,0
12.5,5.87205,48.1,0.693,6.405,96.0,19.8,19.37,5.45,11.1,24,1.675,1,0,0,1
8.5,7.67202,48.1,0.693,5.747,98.9,19.8,19.92,9.27,14.068,22,1.6349999999999998,0,0,0,0
5.0,38.3518,48.1,0.693,5.453,100.0,19.8,30.59,9.3,13.04,26,1.49,0,1,0,0
6.3,9.91655,48.1,0.693,5.852,77.8,19.8,29.97,6.726,14.0504,42,1.5,0,0,0,1
5.6,25.0461,48.1,0.693,5.987,100.0,19.8,26.77,9.212,11.0448,30,1.5899999999999999,1,1,0,0
7.2,14.2362,48.1,0.693,6.343,100.0,19.8,20.32,7.344,10.0576,50,1.575,1,0,0,0
12.1,9.59571,48.1,0.693,6.404,100.0,19.8,20.31,5.442,14.0968,42,1.6375,0,0,0,1
8.3,24.8017,48.1,0.693,5.349,96.0,19.8,19.77,7.899767068273099,15.0664,40,1.7025,1,0,0,1
8.5,41.5292,48.1,0.693,5.531,85.4,19.8,27.38,8.47,11.068,56,1.6075,0,0,0,0
5.0,67.9208,48.1,0.693,5.683,100.0,19.8,22.98,7.3,14.04,38,1.425,1,0,0,1
11.9,20.7162,48.1,0.659,4.138,100.0,19.8,23.34,8.538,14.0952,53,1.1775,1,0,0,1
27.9,11.9511,48.1,0.659,5.608,100.0,19.8,12.13,6.658,13.2232,26,1.2874999999999999,1,0,0,1
17.2,7.40389,48.1,0.597,5.617,97.9,19.8,26.4,6.444,12.1376,25,1.455,0,0,0,1
27.5,14.4383,48.1,0.597,6.852,100.0,19.8,19.78,7.65,14.22,57,1.4649999999999999,1,1,0,0
15.0,51.1358,48.1,0.597,5.757,100.0,19.8,10.11,9.6,11.12,52,1.4125,0,0,0,1
17.2,14.0507,48.1,0.597,6.657,100.0,19.8,21.22,9.644,14.1376,44,1.5274999999999999,0,0,0,0
17.9,18.811,48.1,0.597,4.628,100.0,19.8,34.37,8.358,15.1432,40,1.555,0,0,0,0
16.3,28.6558,48.1,0.597,5.155,100.0,19.8,20.08,6.626,14.1304,58,1.5875000000000001,0,0,0,1
7.0,45.7461,48.1,0.693,4.519,100.0,19.8,36.98,6.04,12.056,40,1.6575000000000002,1,0,0,1
7.2,18.0846,48.1,0.679,6.434,100.0,19.8,29.05,8.644,11.0576,59,1.835,0,0,0,0
7.5,10.8342,48.1,0.679,6.782,90.8,19.8,25.79,7.899767068273099,10.06,35,1.82,1,0,0,1
10.4,25.9406,48.1,0.679,5.304,89.1,19.8,26.64,8.608,15.0832,60,1.65,1,0,1,0
8.8,73.5341,48.1,0.679,5.957,100.0,19.8,20.62,8.476,12.0704,52,1.8,0,0,0,0
8.4,11.8123,48.1,0.718,6.824,76.5,19.8,22.74,5.968,13.0672,26,1.7925,0,0,0,0
16.7,11.0874,48.1,0.718,6.411,100.0,19.8,15.02,6.034,13.1336,48,1.8575,1,0,1,0
14.2,7.02259,48.1,0.718,6.006,95.3,19.8,15.7,8.284,10.1136,29,1.875,0,0,0,0
20.8,12.0482,48.1,0.614,5.648,87.6,19.8,14.1,8.916,11.1664,36,1.9525000000000001,0,0,0,0
13.4,7.05042,48.1,0.614,6.103,85.1,19.8,23.29,8.268,46.19856,29,2.0225,0,1,0,0
11.7,8.79212,48.1,0.584,5.565,70.6,19.8,17.16,7.834,11.0936,57,2.065,0,0,0,0
8.3,15.8603,48.1,0.679,5.896,95.4,19.8,24.39,5.566,15.0664,51,1.9100000000000001,1,1,0,0
10.2,12.2472,48.1,0.584,5.837,59.7,19.8,15.69,9.104,14.0816,33,1.9975,0,0,0,0
10.9,37.6619,48.1,0.679,6.202,78.7,19.8,14.52,7.518,11.0872,42,1.8624999999999998,0,1,0,0
11.0,7.36711,48.1,0.679,6.193,78.1,19.8,21.52,8.52,12.088,45,1.9375000000000002,1,0,0,1
9.5,9.33889,48.1,0.679,6.38,95.6,19.8,24.08,8.79,12.076,52,1.9674999999999998,1,0,0,0
14.5,8.49213,48.1,0.584,6.348,86.1,19.8,17.64,9.09,11.116,53,2.055,0,0,0,1
14.1,10.0623,48.1,0.584,6.833,94.3,19.8,19.69,6.682,14.1128,29,2.0875,1,1,0,0
16.1,6.44405,48.1,0.584,6.425,74.8,19.8,12.03,8.722,10.1288,42,2.2,1,0,0,0
14.3,5.58107,48.1,0.713,6.436,87.9,19.8,16.22,6.186,10.1144,46,2.3175,0,0,1,0
11.7,13.9134,48.1,0.713,6.208,95.0,19.8,15.17,7.834,11.0936,37,2.2225,0,0,0,0
13.4,11.1604,48.1,0.74,6.629,94.6,19.8,23.27,10.168,12.1072,46,2.125,0,0,1,0
9.6,14.4208,48.1,0.74,6.461,93.3,19.8,18.05,6.092,10.0768,57,2.0,1,0,0,1
8.2,15.1772,48.1,0.74,6.152,100.0,19.8,26.45,9.864,11.0656,60,1.9125,0,0,0,0
8.4,13.6781,48.1,0.74,5.935,87.9,19.8,34.02,9.568,14.0672,57,1.82,1,0,0,0
12.8,9.39063,48.1,0.74,5.627,93.9,19.8,22.88,8.456,15.1024,50,1.8175,1,0,0,0
10.5,22.0511,48.1,0.74,5.818,92.4,19.8,22.11,7.41,12.084,38,1.8649999999999998,0,0,0,0
17.1,9.72418,48.1,0.74,6.406,97.2,19.8,19.52,9.242,15.1368,58,2.0675,1,0,1,0
14.8,5.66637,48.1,0.74,6.219,100.0,19.8,16.59,7.096,14.1184,54,2.005,0,0,0,1
15.4,9.96654,48.1,0.74,6.485,100.0,19.8,18.85,6.608,14.1232,21,1.9775,0,0,0,1
10.8,12.8023,48.1,0.74,5.854,96.6,19.8,23.79,5.516,12.0864,34,1.8974999999999997,0,0,1,0
11.8,10.6718,48.1,0.74,6.459,94.8,19.8,23.98,5.336,12.0944,28,1.9875,1,0,0,1
14.9,6.28807,48.1,0.74,6.341,96.4,19.8,17.79,10.198,15.1192,41,2.0700000000000003,0,0,0,0
12.6,9.92485,48.1,0.74,6.251,96.6,19.8,16.44,9.752,11.1008,37,2.1975,1,0,0,0
14.1,9.32909,48.1,0.713,6.185,98.7,19.8,18.13,9.082,13.1128,52,2.2600000000000002,1,0,0,0
13.0,7.52601,48.1,0.713,6.417,98.3,19.8,19.31,8.06,12.104,27,2.1849999999999996,1,0,0,0
13.4,6.71772,48.1,0.713,6.749,92.6,19.8,17.44,9.068,13.1072,59,2.32,1,1,0,0
15.2,5.44114,48.1,0.713,6.655,98.2,19.8,17.73,8.104,11.1216,41,2.355,1,0,0,0
16.1,5.09017,48.1,0.713,6.297,91.8,19.8,17.27,6.722,15.1288,21,2.3675,0,0,0,0
17.8,8.24809,48.1,0.713,7.393,99.3,19.8,16.74,5.956,11.1424,42,2.4525,1,0,0,1
14.4,9.51363,48.1,0.713,6.728,94.1,19.8,18.71,5.888,14.1152,34,2.4975,0,0,0,1
14.1,4.75237,48.1,0.713,6.525,86.5,19.8,18.13,7.782,14.1128,36,2.435,0,0,0,1
12.7,4.66883,48.1,0.713,5.976,87.9,19.8,19.01,7.154,15.1016,31,2.5799999999999996,0,0,0,1
13.5,8.20058,48.1,0.713,5.936,80.3,19.8,16.94,8.87,13.108,46,2.7800000000000002,0,0,0,0
14.9,7.75223,48.1,0.713,6.301,83.7,19.8,16.23,5.598,15.1192,39,2.785,0,0,0,1
20.0,6.80117,48.1,0.713,6.081,84.4,19.8,14.7,5.4,14.16,27,2.7175,1,1,0,0
16.4,4.81213,48.1,0.713,6.701,90.0,19.8,16.42,9.428,12.1312,29,2.5974999999999997,1,0,0,1
17.7,3.69311,48.1,0.713,6.376,88.4,19.8,14.65,9.854,13.1416,24,2.565,1,0,0,0
19.5,6.65492,48.1,0.713,6.317,83.0,19.8,13.99,5.89,15.156,22,2.735,0,0,0,1
20.2,5.82115,48.1,0.713,6.513,89.9,19.8,10.29,8.804,15.1616,30,2.8025,1,0,0,0
21.4,7.83932,48.1,0.655,6.209,65.4,19.8,13.22,7.828,11.1712,55,2.9650000000000003,0,0,1,0
19.9,3.1636,48.1,0.655,5.759,48.2,19.8,14.13,9.998,12.1592,43,3.065,0,0,0,0
19.0,3.77498,48.1,0.655,5.952,84.7,19.8,17.15,8.38,10.152,21,2.8725,1,0,0,0
19.1,4.42228,48.1,0.584,6.003,94.5,19.8,21.32,9.482,13.1528,21,2.54,0,0,1,0
19.1,15.5757,48.1,0.58,5.926,71.0,19.8,18.13,5.882,15.1528,28,2.91,0,0,0,0
20.1,13.0751,48.1,0.58,5.713,56.7,19.8,14.76,6.302,13.1608,27,2.825,0,0,0,0
19.9,4.34879,48.1,0.58,6.167,84.0,19.8,16.29,5.598,12.1592,36,3.035,0,0,0,1
19.6,4.03841,48.1,0.532,6.229,90.7,19.8,12.87,8.692,13.1568,52,3.0975,1,0,1,0
23.2,3.56868,48.1,0.58,6.437,75.0,19.8,14.36,8.464,15.1856,39,2.895,1,0,1,0
29.8,4.64689,48.1,0.614,6.98,67.6,19.8,11.66,7.396,15.2384,56,2.5325,1,0,1,0
13.8,8.05579,48.1,0.584,5.427,95.4,19.8,18.14,9.076,11.1104,47,2.4275,0,0,1,0
13.3,6.39312,48.1,0.584,6.162,97.4,19.8,24.1,9.066,11.1064,27,2.205,1,1,0,0
16.7,4.87141,48.1,0.614,6.484,93.6,19.8,18.68,6.134,14.1336,22,2.3024999999999998,1,0,0,1
12.0,15.0234,48.1,0.614,5.304,97.3,19.8,24.91,9.34,15.096,39,2.1025,0,1,0,0
14.6,10.233,48.1,0.614,6.185,96.7,19.8,18.03,5.292,15.1168,60,2.17,1,1,0,0
21.4,14.3337,48.1,0.614,6.229,88.0,19.8,13.11,6.128,10.1712,32,1.95,0,0,0,1
23.0,5.82401,48.1,0.532,6.242,64.7,19.8,10.74,8.56,13.184,22,3.4225,0,0,0,1
23.7,5.70818,48.1,0.532,6.75,74.9,19.8,7.74,6.974,15.1896,46,3.3299999999999996,0,0,0,0
25.0,5.73116,48.1,0.532,7.061,77.0,19.8,7.01,5.5,11.2,29,3.41,0,1,0,0
21.8,2.81838,48.1,0.532,5.762,40.3,19.8,10.42,9.636,14.1744,57,4.1000000000000005,0,0,1,0
20.6,2.37857,48.1,0.583,5.871,41.9,19.8,13.34,8.112,12.1648,31,3.7225,1,1,0,0
21.2,3.67367,48.1,0.583,6.312,51.9,19.8,10.58,9.024,13.1696,51,3.99,0,0,1,0
19.1,5.69175,48.1,0.583,6.114,79.8,19.8,14.98,8.582,12.1528,57,3.5449999999999995,1,0,0,0
20.6,4.83567,48.1,0.583,5.905,53.2,19.8,11.45,8.412,11.1648,44,3.1500000000000004,0,0,0,0
15.2,0.15086,57.74,0.609,5.454,92.7,19.9,18.06,6.004,14.1216,28,1.8199999999999998,0,0,0,0
7.0,0.18337,57.74,0.609,5.414,98.3,19.9,23.97,9.84,15.056,29,1.7575000000000003,0,0,0,0
8.1,0.20746,57.74,0.609,5.093,98.0,19.9,29.68,9.162,10.0648,49,1.8225000000000002,1,0,1,0
13.6,0.10574,57.74,0.609,5.983,98.8,19.9,18.07,7.072,14.1088,47,1.8675,0,0,0,0
20.1,0.11132,57.74,0.609,5.983,83.5,19.9,13.35,8.902,13.1608,57,2.1075,1,0,0,1
21.8,0.17331,39.69,0.585,5.707,54.0,20.8,12.01,5.936,14.1744,31,2.3825000000000003,1,0,0,1
24.5,0.27957,39.69,0.585,5.926,42.6,20.8,13.59,8.79,11.196,47,2.38,1,0,0,1
23.1,0.17899,39.69,0.585,5.67,28.8,20.8,17.6,8.462,14.1848,55,2.8000000000000003,0,0,1,0
19.7,0.2896,39.69,0.585,5.39,72.9,20.8,21.14,7.899767068273099,12.1576,44,2.7975,0,0,0,1
18.3,0.26838,39.69,0.585,5.794,70.6,20.8,14.1,5.366,14.1464,55,2.8925,1,1,0,0
21.2,0.23912,39.69,0.585,6.019,65.3,20.8,12.92,5.824,14.1696,32,2.4074999999999998,1,0,0,1
17.5,0.17783,39.69,0.585,5.569,73.5,20.8,15.1,9.85,14.14,47,2.4,0,1,0,0
16.8,0.22438,39.69,0.585,6.027,79.7,20.8,14.33,6.236,14.1344,54,2.4975,0,1,0,0
22.4,0.06263,41.93,0.573,6.593,69.1,19.0,9.67,9.348,12.1792,27,2.4775,0,0,1,0
20.6,0.04527,41.93,0.573,6.12,76.7,19.0,9.08,6.612,13.1648,20,2.2875,1,0,1,0
23.9,0.06076,41.93,0.573,6.976,91.0,19.0,5.64,5.478,12.1912,31,2.1675,0,0,0,0
22.0,0.10959,41.93,0.573,6.794,89.3,19.0,6.48,7.94,15.176,47,2.39,1,0,0,0
19.0,0.04741,41.93,0.573,6.03,80.8,19.0,7.88,10.28,10.152,45,2.5050000000000003,1,0,0,0
